{
  "train_videos": [
    "egocentric_video.mp4",
    "0c2a202bcee2ec87.mp4"
  ],
  "val_videos": [
    "0b941d85cf228741.mp4"
  ],
  "linear": {
    "accuracy": 0.5555555555555556,
    "precision": 1.0,
    "recall": 0.2,
    "f1": 0.3333333333333333,
    "roc_auc": 0.5
  },
  "mlp": {
    "accuracy": 0.3333333333333333,
    "precision": 0.4,
    "recall": 0.4,
    "f1": 0.4,
    "roc_auc": 0.5
  }
}